"date","channel","region","visits","active_users","registrations","activated_users","paying_users","revenue","refund_amount","support_tickets","nps","cost"
"2026-01-01","Organic","East","1553","1056","205","166","135","30780","1539","27","55","6400"
"2026-01-01","Ads","North","2050","1266","230","172","131","28505.8","2337.48","31","43","12296.47"
"2026-01-01","Referral","South","1310","946","178","148","109","24527.08","1389.21","19","59","5122.78"
"2026-01-01","Direct","West","1513","1004","177","142","112","25046.49","1536.85","18","50","5639.51"
"2026-01-01","Social","Central","1791","1064","179","127","106","21714.28","2024.21","21","43","7793.49"
"2026-01-01","Affiliate","East","1214","810","147","114","89","18506.14","1179.21","19","51","4093.83"
"2026-01-02","Organic","East","1582","1083","210","170","139","31762.28","1588.11","28","55","6466.9"
"2026-01-02","Ads","North","2088","1294","235","176","133","28972.15","2803.35","31","43","12363.21"
"2026-01-02","Referral","South","1333","960","180","149","110","24726.94","1400.53","19","59","5107.81"
"2026-01-02","Direct","West","1541","1015","179","143","113","25214.36","1547.15","18","50","5596.56"
"2026-01-02","Social","Central","1824","1079","182","129","107","21888.95","2040.49","21","43","7761.53"
"2026-01-02","Affiliate","East","1237","827","150","117","91","18936.43","1022.57","20","51","4114.01"
"2026-01-03","Organic","East","1483","1022","198","161","131","29999.66","1499.98","26","55","6532.05"
"2026-01-03","Ads","North","1957","1215","220","165","125","27252.83","2636.98","28","43","12412.04"
"2026-01-03","Referral","South","1250","896","168","139","102","22900.52","1297.09","17","59","5086.15"
"2026-01-03","Direct","West","1445","945","167","133","105","23377.28","1434.43","17","50","5553.84"
"2026-01-03","Social","Central","1710","1008","170","121","101","20637.31","1923.81","20","43","7741"
"2026-01-03","Affiliate","East","1159","778","142","111","86","17913.73","967.34","19","51","4140.57"
"2026-01-04","Organic","East","1504","1043","202","165","133","30522.44","1526.12","27","56","6593.6"
"2026-01-04","Ads","North","1985","1233","222","167","126","27488.15","2659.75","28","43","12441.85"
"2026-01-04","Referral","South","1268","904","169","140","103","23092.19","1307.94","17","59","5058.71"
"2026-01-04","Direct","West","1465","952","168","134","106","23547.91","1444.9","17","50","5513.03"
"2026-01-04","Social","Central","1735","1022","173","123","102","20821.8","1941.01","21","43","7732.97"
"2026-01-04","Affiliate","East","1176","794","145","113","88","18352.53","991.04","19","51","4172.84"
"2026-01-05","Organic","East","1648","1149","222","181","147","33804.21","1994.45","29","54","6649.78"
"2026-01-05","Ads","North","2176","1350","243","183","138","30117.93","2914.21","30","42","12452.14"
"2026-01-05","Referral","South","1390","984","184","152","112","25069.83","1419.96","18","57","5026.62"
"2026-01-05","Direct","West","1605","1037","183","145","115","25492.03","1564.19","19","48","5475.72"
"2026-01-05","Social","Central","1901","1119","190","135","112","22846.71","2129.77","24","41","7738.14"
"2026-01-05","Affiliate","East","1289","875","160","125","97","20258.09","1093.94","22","49","4209.99"
"2026-01-06","Organic","East","1660","1162","224","183","148","34099.94","2011.9","29","54","6699.03"
"2026-01-06","Ads","North","2191","1356","243","182","138","30122.57","2914.66","30","42","12443.06"
"2026-01-06","Referral","South","1399","984","183","151","112","25025.79","1417.46","18","57","4991.15"
"2026-01-06","Direct","West","1617","1039","184","146","116","25659.9","1574.49","19","47","5443.42"
"2026-01-06","Social","Central","1914","1128","192","136","114","23243.58","1836.24","24","41","7756.73"
"2026-01-06","Affiliate","East","1298","887","163","128","99","20708.82","1118.28","22","49","4250.98"
"2026-01-07","Organic","East","1665","1169","225","184","149","34392.15","2029.14","29","54","6740"
"2026-01-07","Ads","North","2197","1356","242","182","138","30119.93","2914.4","29","42","12415.4"
"2026-01-07","Referral","South","1404","981","183","151","111","24755.35","1402.14","18","57","4953.68"
"2026-01-07","Direct","West","1622","1038","184","146","116","25608.66","1571.35","19","47","5417.48"
"2026-01-07","Social","Central","1920","1135","194","138","115","23442.1","1851.93","25","41","7788.55"
"2026-01-07","Affiliate","East","1302","896","164","129","100","20954.84","1131.56","23","50","4294.69"
"2026-01-08","Organic","East","1663","1170","224","184","149","34448.76","2032.48","29","55","6771.61"
"2026-01-08","Ads","North","2195","1348","240","180","136","29673.66","2871.22","28","42","12370.58"
"2026-01-08","Referral","South","1402","973","181","149","110","24483.01","1386.72","18","56","4915.67"
"2026-01-08","Direct","West","1620","1034","184","146","116","25560.62","1568.4","20","47","5399.03"
"2026-01-08","Social","Central","1918","1138","195","138","115","23442.62","1851.97","26","41","7832.95"
"2026-01-08","Affiliate","East","1300","901","165","130","100","20994.71","1133.71","23","50","4339.87"
"2026-01-09","Organic","East","1654","1164","222","182","147","34036.42","2008.15","28","55","6793.08"
"2026-01-09","Ads","North","2183","1333","237","178","135","29438.81","2848.5","27","42","12310.56"
"2026-01-09","Referral","South","1394","961","179","147","109","24209.46","1371.22","17","56","4878.61"
"2026-01-09","Direct","West","1611","1026","183","145","115","25296.4","1315.41","20","47","5388.94"
"2026-01-09","Social","Central","1907","1138","196","139","116","23652.94","1868.58","26","41","7888.89"
"2026-01-09","Affiliate","East","1293","902","166","131","101","21247.49","1147.36","23","50","4385.23"
"2026-01-10","Organic","East","1511","1063","202","166","134","31066.17","1832.9","25","55","6803.98"
"2026-01-10","Ads","North","1994","1210","214","160","122","26582.8","2572.15","24","42","12237.84"
"2026-01-10","Referral","South","1274","873","163","133","99","21940.75","1242.72","16","56","4843.94"
"2026-01-10","Direct","West","1472","938","168","133","105","23060.59","1199.15","19","47","5387.85"
"2026-01-10","Social","Central","1743","1046","180","128","107","21829.16","1724.5","25","41","7954.91"
"2026-01-10","Affiliate","East","1181","829","152","120","93","19605.82","1058.71","22","50","4429.48"
"2026-01-11","Organic","East","1491","1046","198","163","132","30635.44","1807.49","24","55","6804.2"
"2026-01-11","Ads","North","1968","1187","210","157","119","25902.77","2506.35","23","41","12155.33"
"2026-01-11","Referral","South","1257","857","160","131","97","21450.07","1214.93","15","56","4813.05"
"2026-01-11","Direct","West","1453","927","167","132","104","22809.51","1186.09","19","47","5396.07"
"2026-01-11","Social","Central","1720","1039","180","128","106","21641.63","1709.69","25","41","8029.24"
"2026-01-11","Affiliate","East","1166","823","151","120","92","19437.21","1049.61","21","50","4471.35"
"2026-01-12","Organic","East","1591","1112","210","173","140","32520.01","1918.68","25","55","6794.02"
"2026-01-12","Ads","North","2100","1257","222","166","126","27392.85","2650.53","24","41","12066.26"
"2026-01-12","Referral","South","1342","911","170","139","103","22726.33","1090.86","16","56","4787.19"
"2026-01-12","Direct","West","1550","991","179","141","112","24535.3","1275.84","20","46","5413.61"
"2026-01-12","Social","Central","1835","1116","193","138","114","23298.07","1840.55","27","41","8109.83"
"2026-01-12","Affiliate","East","1244","882","161","128","99","20962.43","1131.97","23","51","4509.65"
"2026-01-13","Organic","East","1563","1088","205","169","136","31610.76","1865.03","24","55","6774.02"
"2026-01-13","Ads","North","2063","1227","216","161","123","26702.66","2583.75","23","41","11974.11"
"2026-01-13","Referral","South","1318","892","167","136","101","22235.93","1067.32","16","55","4767.45"
"2026-01-13","Direct","West","1522","977","177","139","111","24293.08","1263.24","21","46","5440.17"
"2026-01-13","Social","Central","1803","1104","191","136","113","23121.67","1826.61","27","41","8194.41"
"2026-01-13","Affiliate","East","1222","870","159","126","97","20584.62","1111.57","23","51","4543.3"
"2026-01-14","Organic","East","1533","1061","199","164","132","30693.12","1810.89","23","55","6745.15"
"2026-01-14","Ads","North","2024","1196","211","157","119","25793","2495.73","22","41","11882.46"
"2026-01-14","Referral","South","1293","874","164","133","99","21748.49","1043.93","16","55","4754.74"
"2026-01-14","Direct","West","1493","964","175","138","110","24056.91","1250.96","21","46","5475.18"
"2026-01-14","Social","Central","1768","1090","189","135","112","22949.45","1813.01","27","41","8280.56"
"2026-01-14","Affiliate","East","1199","855","156","124","95","20204.67","1091.05","22","51","4571.38"
"2026-01-15","Organic","East","1504","1035","194","159","129","30000.17","1770.01","22","55","6708.63"
"2026-01-15","Ads","North","1985","1165","206","153","116","25098.59","2058.08","21","41","11794.88"
"2026-01-15","Referral","South","1268","857","162","131","97","21264.54","1020.7","16","55","4749.71"
"2026-01-15","Direct","West","1465","951","173","136","109","23826.83","1239","21","46","5517.74"
"2026-01-15","Social","Central","1735","1077","187","134","111","22780.88","1799.69","27","41","8365.82"
"2026-01-15","Affiliate","East","1176","840","153","122","94","20035.22","1081.9","21","51","4593.14"
"2026-01-16","Organic","East","1477","1009","189","155","125","29067.38","1714.98","21","56","6665.93"
"2026-01-16","Ads","North","1949","1138","201","149","113","24403.16","2001.06","21","41","11714.82"
"2026-01-16","Referral","South","1245","842","159","129","96","21003.3","1008.16","16","55","4752.78"
"2026-01-16","Direct","West","1438","940","172","136","108","23602.82","1227.35","21","46","5566.74"
"2026-01-16","Social","Central","1703","1063","184","132","110","22615.42","1786.62","27","41","8447.76"
"2026-01-16","Affiliate","East","1155","825","150","120","92","19649.95","1061.1","21","51","4608.06"
"2026-01-17","Organic","East","1340","909","170","139","112","26035.82","1536.11","18","56","6618.74"
"2026-01-17","Ads","North","1769","1029","182","134","102","21983.35","1802.63","19","41","11645.48"
"2026-01-17","Referral","South","1130","767","146","118","88","19216.91","922.41","15","54","4764.1"
"2026-01-17","Direct","West","1306","859","157","124","99","21636.4","1125.09","20","46","5620.83"
"2026-01-17","Social","Central","1546","969","168","121","100","20598.59","1627.29","25","41","8524.02"
"2026-01-17","Affiliate","East","1048","747","135","108","83","17763.05","959.2","19","52","4615.8"
"2026-01-18","Organic","East","1323","892","166","136","110","25556.44","1507.83","18","56","6568.92"
"2026-01-18","Ads","North","1747","1013","180","133","101","21722.08","1781.21","18","41","11589.74"
"2026-01-18","Referral","South","1116","760","145","117","87","18965.64","910.35","15","54","4783.54"
"2026-01-18","Direct","West","1289","854","156","123","98","21423.71","1114.03","20","46","5678.5"
"2026-01-18","Social","Central","1526","960","166","120","99","20433.79","1614.27","25","42","8592.45"
"2026-01-18","Affiliate","East","1035","736","133","107","82","17581.95","949.43","18","52","4616.31"
"2026-01-19","Organic","East","1422","952","177","145","117","27161.13","1358.06","19","56","6518.38"
"2026-01-19","Ads","North","1877","1087","193","142","108","23177.23","1900.53","20","40","11550.02"
"2026-01-19","Referral","South","1199","821","157","127","94","20459.56","982.06","17","54","4810.72"
"2026-01-19","Direct","West","1385","924","170","135","107","23403.38","1216.98","22","46","5738.12"
"2026-01-19","Social","Central","1640","1034","178","129","107","22131.63","1748.4","27","42","8651.14"
"2026-01-19","Affiliate","East","1112","787","141","113","87","18686.35","1009.06","19","52","4609.73"
"2026-01-20","Organic","East","1417","943","176","143","116","26901.61","1345.08","18","57","6469.1"
"2026-01-20","Ads","North","1870","1083","193","142","108","23126.09","1896.34","20","42","11528.21"
"2026-01-20","Referral","South","1194","822","158","128","95","20648.74","991.14","17","56","4844.97"
"2026-01-20","Direct","West","1380","927","170","135","107","23421.21","1217.9","23","48","5797.98"
"2026-01-20","Social","Central","1634","1032","178","129","107","22179.78","1752.2","27","44","8698.5"
"2026-01-20","Affiliate","East","1107","779","139","111","86","18500.57","999.03","19","54","4596.48"
"2026-01-21","Organic","East","1418","939","175","142","115","26637.01","1331.85","18","57","6423"
"2026-01-21","Ads","North","1871","1085","194","142","108","23074.77","1892.13","20","42","11525.63"
"2026-01-21","Referral","South","1195","828","159","128","96","20841.64","1000.4","18","55","4885.42"
"2026-01-21","Direct","West","1381","932","171","136","108","23663.58","1230.51","23","48","5856.36"
"2026-01-21","Social","Central","1635","1032","177","128","107","22228.88","1756.08","27","44","8733.32"
"2026-01-21","Affiliate","East","1108","776","138","111","85","18310.84","988.79","18","54","4577.16"
"2026-01-22","Organic","East","1425","939","175","142","115","26599.19","1329.96","17","57","6381.91"
"2026-01-22","Ads","North","1881","1094","196","143","109","23237.1","1905.44","20","42","11542.97"
"2026-01-22","Referral","South","1202","839","162","131","97","21038.69","1009.86","18","55","4930.97"
"2026-01-22","Direct","West","1388","942","173","138","110","24130.98","1254.81","24","48","5911.59"
"2026-01-22","Social","Central","1644","1036","177","129","107","22278.31","1759.99","27","44","8754.78"
"2026-01-22","Affiliate","East","1114","775","138","111","85","18332.65","989.96","18","54","4552.59"
"2026-01-23","Organic","East","1439","946","177","143","116","26787.61","1339.38","17","57","6347.48"
"2026-01-23","Ads","North","1900","1109","199","145","111","23612.31","1936.21","21","41","11580.25"
"2026-01-23","Referral","South","1214","853","165","133","99","21457.03","1029.94","19","55","4980.35"
"2026-01-23","Direct","West","1402","954","175","140","111","24384.77","1268.01","24","48","5962.1"
"2026-01-23","Social","Central","1660","1043","178","130","108","22536.14","1780.36","27","44","8762.51"
"2026-01-23","Affiliate","East","1125","777","138","111","85","18350.6","990.93","17","55","4523.77"
"2026-01-24","Organic","East","1345","883","165","133","108","24896.37","1244.82","16","57","6321.19"
"2026-01-24","Ads","North","1776","1042","188","137","104","22076.95","1810.31","20","41","11636.84"
"2026-01-24","Referral","South","1134","802","155","125","93","20146.99","967.06","18","55","5032.19"
"2026-01-24","Direct","West","1310","894","164","131","104","22883.5","1189.94","23","48","6006.47"
"2026-01-24","Social","Central","1552","971","165","120","100","20911.91","1652.04","25","45","8756.6"
"2026-01-24","Affiliate","East","1052","721","128","102","79","17068.15","921.68","16","55","4491.85"
"2026-01-25","Organic","East","1367","897","168","136","109","25079.28","1253.96","16","57","6304.2"
"2026-01-25","Ads","North","1804","1065","193","141","107","22668.44","1858.81","21","41","11711.47"
"2026-01-25","Referral","South","1152","820","159","129","96","20792.12","998.02","19","55","5084.99"
"2026-01-25","Direct","West","1331","909","166","133","106","23364.65","1214.96","23","48","6043.47"
"2026-01-25","Social","Central","1576","981","166","121","101","21165.2","1672.05","25","45","8737.57"
"2026-01-25","Affiliate","East","1068","727","128","102","79","17077.1","922.16","16","55","4458.06"
"2026-01-26","Organic","East","1507","990","186","150","121","27784.34","1389.22","18","57","6297.4"
"2026-01-26","Ads","North","1989","1182","215","157","119","25163.4","2063.4","23","41","11802.27"
"2026-01-26","Referral","South","1271","910","176","143","107","23175.07","1112.4","21","55","5137.25"
"2026-01-26","Direct","West","1468","1002","183","147","117","25838.35","1343.59","26","48","6072.12"
"2026-01-26","Social","Central","1738","1075","182","133","110","23097.21","1824.68","27","45","8706.39"
"2026-01-26","Affiliate","East","1178","797","141","113","86","18595.58","1004.16","17","55","4423.71"
"2026-01-27","Organic","East","1533","1010","190","153","123","28184.23","1409.21","18","57","6301.35"
"2026-01-27","Ads","North","2024","1211","221","161","122","25753.11","2111.76","24","40","11906.83"
"2026-01-27","Referral","South","1293","930","180","146","109","23614.7","1133.51","22","55","5187.45"
"2026-01-27","Direct","West","1494","1019","185","149","119","26333.11","1369.32","26","48","6091.71"
"2026-01-27","Social","Central","1768","1087","183","134","111","23350.9","1844.72","26","45","8664.44"
"2026-01-27","Affiliate","East","1199","807","142","113","87","18812.66","1015.88","17","55","4390.14"
"2026-01-28","Organic","East","1559","1031","195","156","126","28809.08","1440.45","19","57","6316.23"
"2026-01-28","Ads","North","2057","1239","226","165","125","26345.11","2160.3","26","40","12022.29"
"2026-01-28","Referral","South","1314","949","184","150","112","24277.29","1165.31","23","55","5234.17"
"2026-01-28","Direct","West","1518","1032","187","151","121","26832.21","1395.27","27","48","6101.82"
"2026-01-28","Social","Central","1798","1098","184","134","112","23602.1","1864.57","26","45","8613.45"
"2026-01-28","Affiliate","East","1219","817","144","115","88","19025.15","1027.36","16","55","4358.65"
"2026-01-29","Organic","East","1582","1052","200","160","128","29201.79","1460.09","19","56","6341.88"
"2026-01-29","Ads","North","2088","1266","232","169","128","26940.24","2209.1","27","40","12145.4"
"2026-01-29","Referral","South","1334","965","187","153","114","24729.65","1187.02","24","55","5276.09"
"2026-01-29","Direct","West","1541","1043","188","152","122","27112.83","1409.87","27","48","6102.37"
"2026-01-29","Social","Central","1824","1106","185","135","113","23850.23","1884.17","26","46","8555.44"
"2026-01-29","Affiliate","East","1237","826","146","116","89","19232.95","1225.52","16","55","4330.49"
"2026-01-30","Organic","East","1601","1071","204","163","131","29819.89","1490.99","20","56","6377.77"
"2026-01-30","Ads","North","2113","1290","236","172","131","27539.34","2258.23","28","40","12272.66"
"2026-01-30","Referral","South","1350","978","189","155","116","25188.48","1209.05","25","55","5312.02"
"2026-01-30","Direct","West","1559","1050","189","153","123","27395.58","1424.57","27","49","6093.55"
"2026-01-30","Social","Central","1846","1112","186","136","113","23883.35","1886.78","25","46","8492.69"
"2026-01-30","Affiliate","East","1252","834","147","117","89","19220.06","1224.7","16","55","4306.8"
"2026-01-31","Organic","East","1490","1003","192","153","123","27937.11","1396.86","19","56","6423.05"
"2026-01-31","Ads","North","1966","1207","221","161","123","25832.93","2118.3","27","40","12400.43"
"2026-01-31","Referral","South","1256","910","176","144","108","23479.75","1127.03","23","55","5340.99"
"2026-01-31","Direct","West","1451","971","174","141","113","25224.26","1311.66","25","49","6075.91"
"2026-01-31","Social","Central","1718","1028","172","126","104","22007.31","1738.58","23","46","8427.64"
"2026-01-31","Affiliate","East","1165","776","137","108","83","17908.26","1141.11","15","55","4288.57"
"2026-02-01","Organic","East","1497","1015","195","156","125","28330","1416.5","19","56","6476.54"
"2026-02-01","Ads","North","1977","1219","224","164","125","26234.09","2151.2","28","39","12525.05"
"2026-02-01","Referral","South","1263","913","176","145","108","23512.94","1128.62","23","55","5362.26"
"2026-02-01","Direct","West","1459","970","174","141","113","25279.92","1314.56","25","49","6050.24"
"2026-02-01","Social","Central","1727","1028","171","125","104","22028.86","1740.28","23","46","8362.79"
"2026-02-01","Affiliate","East","1171","780","138","109","83","17888.33","1139.84","14","55","4276.61"
"2026-02-02","Organic","East","1626","1110","213","170","136","30758.55","1537.93","22","56","6536.8"
"2026-02-02","Ads","North","2146","1328","244","179","136","28529.06","2339.38","31","39","12642.92"
"2026-02-02","Referral","South","1371","988","190","156","117","25513.05","1224.63","26","55","5375.33"
"2026-02-02","Direct","West","1584","1046","187","152","121","27128.18","1410.67","26","49","6017.65"
"2026-02-02","Social","Central","1875","1111","185","135","112","23741.33","2213.17","24","46","8300.67"
"2026-02-02","Affiliate","East","1271","849","151","119","90","19371.48","1234.35","16","55","4271.53"
"2026-02-03","Organic","East","1622","1115","215","172","137","30922.84","1546.14","22","55","6602.14"
"2026-02-03","Ads","North","2141","1328","244","179","137","28732.25","2356.04","31","39","12750.69"
"2026-02-03","Referral","South","1367","981","188","155","117","25557.99","1226.78","25","55","5379.97"
"2026-02-03","Direct","West","1580","1036","184","149","120","26960.25","1401.93","26","49","5979.44"
"2026-02-03","Social","Central","1871","1104","184","134","111","23541.68","2194.56","23","47","8243.71"
"2026-02-03","Affiliate","East","1268","850","152","120","90","19342.37","1232.5","15","55","4273.73"
"2026-02-04","Organic","East","1612","1115","215","172","138","31090.13","1554.51","23","55","6670.72"
"2026-02-04","Ads","North","2128","1321","242","178","136","28523.16","2338.9","32","39","12845.32"
"2026-02-04","Referral","South","1359","971","185","153","115","25168.9","1208.11","25","55","5376.23"
"2026-02-04","Direct","West","1570","1023","181","147","118","26563.81","1381.32","25","50","5937.13"
"2026-02-04","Social","Central","1859","1095","183","133","110","23336.27","2175.41","22","47","8194.18"
"2026-02-04","Affiliate","East","1260","848","152","119","90","19310.03","1230.44","15","55","4283.34"
"2026-02-05","Organic","East","1598","1112","215","172","138","31036.3","1551.82","23","55","6740.58"
"2026-02-05","Ads","North","2109","1309","240","177","136","28530.96","2339.54","32","39","12924.18"
"2026-02-05","Referral","South","1347","957","182","151","114","25000.43","1200.02","25","55","5364.44"
"2026-02-05","Direct","West","1556","1007","178","145","116","26162.55","1605.33","24","50","5892.35"
"2026-02-05","Social","Central","1842","1084","181","131","108","22913.01","2135.95","22","47","8154.1"
"2026-02-05","Affiliate","East","1249","846","152","119","90","19274.85","1228.19","15","55","4300.27"
"2026-02-06","Organic","East","1579","1104","214","171","137","30763.21","1538.16","23","55","6809.71"
"2026-02-06","Ads","North","2084","1292","236","174","134","28126.04","2306.34","32","39","12985.19"
"2026-02-06","Referral","South","1331","939","178","148","112","24613.68","1181.46","24","55","5345.2"
"2026-02-06","Direct","West","1538","990","175","142","114","25756.04","1580.39","23","50","5846.83"
"2026-02-06","Social","Central","1821","1073","179","129","107","22696.38","2115.76","21","47","8125.2"
"2026-02-06","Affiliate","East","1235","841","151","118","89","19023.52","1212.18","15","55","4324.18"
"2026-02-07","Organic","East","1437","1008","195","156","126","28254.21","1412.71","22","54","6876.12"
"2026-02-07","Ads","North","1897","1172","214","158","122","25626.8","2101.4","29","39","13026.83"
"2026-02-07","Referral","South","1212","849","160","133","101","22244.56","1067.74","22","55","5319.34"
"2026-02-07","Direct","West","1400","897","158","128","103","23307.35","1430.14","21","50","5802.35"
"2026-02-07","Social","Central","1658","979","164","118","97","20566.25","1917.19","19","47","8108.84"
"2026-02-07","Affiliate","East","1124","771","139","109","82","17491.28","1114.54","14","55","4354.48"
"2026-02-08","Organic","East","1417","996","193","155","125","27997.12","1399.86","22","54","6937.92"
"2026-02-08","Ads","North","1871","1151","209","155","120","25231.72","2069","29","39","13048.2"
"2026-02-08","Referral","South","1195","831","156","130","99","21852.34","1237.72","21","55","5287.92"
"2026-02-08","Direct","West","1381","882","156","126","101","22886.52","1404.32","20","50","5760.62"
"2026-02-08","Social","Central","1635","969","163","117","96","20340.59","1896.15","18","47","8105.97"
"2026-02-08","Affiliate","East","1108","765","139","108","81","17241.09","1098.6","14","55","4390.41"
"2026-02-09","Organic","East","1516","1067","207","166","134","29984.33","1499.22","24","54","6993.34"
"2026-02-09","Ads","North","2001","1225","222","165","128","26946.43","2209.61","31","39","13049.11"
"2026-02-09","Referral","South","1278","883","166","138","105","23228.26","1315.65","22","55","5252.21"
"2026-02-09","Direct","West","1477","941","166","134","107","24274.99","1489.51","21","51","5723.29"
"2026-02-09","Social","Central","1749","1041","175","126","103","21804.19","2032.59","19","47","8117.09"
"2026-02-09","Affiliate","East","1185","824","150","117","88","18690.07","1190.93","15","55","4430.99"
"2026-02-10","Organic","East","1498","1054","204","164","133","29739.16","1486.96","24","54","7040.82"
"2026-02-10","Ads","North","1977","1203","217","162","126","26562.88","2178.16","31","39","13030.01"
"2026-02-10","Referral","South","1263","867","162","135","102","22614.39","1280.88","22","56","5213.59"
"2026-02-10","Direct","West","1459","929","164","132","106","24071.67","1477.04","20","51","5691.86"
"2026-02-10","Social","Central","1728","1034","175","125","102","21568.48","2010.61","19","47","8142.24"
"2026-02-10","Affiliate","East","1171","820","149","116","88","18648.66","1188.29","15","55","4475.09"
"2026-02-11","Organic","East","1484","1042","201","162","132","29501.47","1475.07","25","54","7079.09"
"2026-02-11","Ads","North","1959","1185","213","159","124","26183.02","2533.47","31","39","12992.02"
"2026-02-11","Referral","South","1251","854","160","133","101","22441.09","1271.06","21","56","5173.55"
"2026-02-11","Direct","West","1446","922","163","131","104","23635.34","1450.26","19","51","5667.65"
"2026-02-11","Social","Central","1712","1031","175","125","102","21540.11","2007.97","19","47","8181.01"
"2026-02-11","Affiliate","East","1160","817","149","116","87","18395.9","1172.19","15","55","4521.45"
"2026-02-12","Organic","East","1476","1034","199","161","131","29271.26","1463.56","25","53","7107.14"
"2026-02-12","Ads","North","1948","1170","210","157","122","25806.09","2497","30","39","12936.89"
"2026-02-12","Referral","South","1244","846","158","131","100","22265.37","1261.11","21","56","5133.64"
"2026-02-12","Direct","West","1438","919","163","131","104","23647.73","1451.02","19","51","5651.74"
"2026-02-12","Social","Central","1702","1032","175","125","102","21507.74","2004.95","19","47","8232.53"
"2026-02-12","Affiliate","East","1154","817","150","117","88","18566.62","1002.6","16","54","4568.76"
"2026-02-13","Organic","East","1474","1028","198","160","130","29048.47","1452.42","25","53","7124.33"
"2026-02-13","Ads","North","1946","1160","208","156","121","25643.26","2481.24","30","39","12866.95"
"2026-02-13","Referral","South","1243","842","157","131","99","22086.71","1250.99","20","56","5095.41"
"2026-02-13","Direct","West","1436","920","163","131","104","23654.49","1451.44","18","51","5644.92"
"2026-02-13","Social","Central","1700","1038","177","126","102","21471.78","2001.6","19","47","8295.51"
"2026-02-13","Affiliate","East","1152","819","150","117","88","18527.01","1000.46","16","54","4615.65"
"2026-02-14","Organic","East","1364","947","182","147","120","26821.3","1341.06","24","53","7130.34"
"2026-02-14","Ads","North","1801","1067","190","142","111","23571.49","2280.78","28","39","12785.01"
"2026-02-14","Referral","South","1150","777","145","121","91","20340","1152.06","18","56","5060.34"
"2026-02-14","Direct","West","1329","856","152","122","96","21835.9","1339.85","17","52","5647.71"
"2026-02-14","Social","Central","1573","967","165","117","95","19961.79","1860.84","17","47","8368.26"
"2026-02-14","Affiliate","East","1067","761","140","109","82","17228.37","930.33","15","54","4660.78"
"2026-02-15","Organic","East","1376","949","182","148","121","27058.9","1596.48","24","53","7125.24"
"2026-02-15","Ads","North","1816","1069","190","143","112","23834.06","2306.18","28","39","12694.28"
"2026-02-15","Referral","South","1160","784","146","121","91","20375.25","1154.05","18","57","5029.84"
"2026-02-15","Direct","West","1340","868","155","124","97","22059.02","1353.54","17","52","5660.31"
"2026-02-15","Social","Central","1587","982","169","120","97","20342.3","1607.04","18","47","8448.79"
"2026-02-15","Affiliate","East","1075","767","141","110","83","17404.55","939.85","16","54","4702.84"
"2026-02-16","Organic","East","1511","1035","197","160","132","29541.3","1742.94","26","53","7109.48"
"2026-02-16","Ads","North","1994","1167","207","155","122","26018.59","2517.56","30","39","12598.29"
"2026-02-16","Referral","South","1274","861","160","133","100","22425.55","1270.18","19","57","5005.14"
"2026-02-16","Direct","West","1472","959","172","137","107","24322.53","1492.43","18","52","5682.57"
"2026-02-16","Social","Central","1742","1085","187","133","107","22393.34","1769.07","20","47","8534.84"
"2026-02-16","Affiliate","East","1181","843","155","121","91","19047.49","1028.56","18","54","4740.65"
"2026-02-17","Organic","East","1536","1045","199","162","134","30018.67","1771.1","27","53","7083.84"
"2026-02-17","Ads","North","2028","1182","209","157","123","26289.93","2543.81","30","39","12500.74"
"2026-02-17","Referral","South","1295","877","164","136","102","22905.82","1297.39","19","57","4987.31"
"2026-02-17","Direct","West","1497","982","176","140","110","24987.71","1533.25","18","52","5714.05"
"2026-02-17","Social","Central","1772","1109","191","136","109","22763.22","1798.29","20","47","8623.95"
"2026-02-17","Affiliate","East","1201","857","157","123","93","19433.84","1049.43","18","53","4773.13"
"2026-02-18","Organic","East","1567","1059","201","164","136","30503.61","1799.71","27","51","7049.43"
"2026-02-18","Ads","North","2069","1201","212","159","125","26776.82","2590.93","30","37","12405.39"
"2026-02-18","Referral","South","1321","898","168","139","104","23382.77","1324.4","19","55","4977.17"
"2026-02-18","Direct","West","1527","1009","182","145","112","25419.22","1559.72","19","50","5753.99"
"2026-02-18","Social","Central","1808","1136","196","139","112","23338.55","1843.75","21","45","8713.56"
"2026-02-18","Affiliate","East","1225","872","160","125","95","19822.35","1070.41","19","51","4799.4"
"2026-02-19","Organic","East","1602","1075","203","166","138","30995.94","1828.76","28","51","7007.67"
"2026-02-19","Ads","North","2114","1225","216","162","127","27265.27","2638.19","30","37","12315.93"
"2026-02-19","Referral","South","1351","923","173","143","106","23855.78","1351.19","19","56","4975.31"
"2026-02-19","Direct","West","1560","1038","187","148","116","26297.76","1367.48","19","50","5801.35"
"2026-02-19","Social","Central","1848","1165","202","143","115","23910.59","1888.94","22","45","8801.1"
"2026-02-19","Affiliate","East","1252","888","162","127","97","20213.62","1091.54","20","51","4818.78"
"2026-02-20","Organic","East","1639","1093","206","169","140","31495.4","1858.23","28","51","6960.2"
"2026-02-20","Ads","North","2163","1252","221","166","130","27969.68","2706.35","30","38","12235.89"
"2026-02-20","Referral","South","1382","949","178","147","109","24549.49","1390.48","19","56","4982.04"
"2026-02-20","Direct","West","1596","1069","194","154","119","26942.39","1401","19","50","5854.86"
"2026-02-20","Social","Central","1890","1193","207","147","118","24479.99","1933.92","23","45","8884.03"
"2026-02-20","Affiliate","East","1281","904","165","130","99","20608.22","1112.84","21","51","4830.8"
"2026-02-21","Organic","East","1546","1026","193","158","131","29522.61","1741.83","27","51","6908.89"
"2026-02-21","Ads","North","2040","1182","209","157","122","26303.37","2545.11","28","38","12168.47"
"2026-02-21","Referral","South","1303","901","170","140","103","23210.3","1314.63","18","56","4997.38"
"2026-02-21","Direct","West","1506","1015","184","146","113","25545.51","1328.37","18","51","5913.01"
"2026-02-21","Social","Central","1783","1126","195","138","112","23184.4","1831.57","22","45","8959.98"
"2026-02-21","Affiliate","East","1209","848","154","121","93","19342.82","1044.51","20","51","4835.26"
"2026-02-22","Organic","East","1579","1043","195","160","134","30256.16","1785.11","27","51","6855.7"
"2026-02-22","Ads","North","2084","1210","214","160","124","26787.92","2592","28","38","12116.49"
"2026-02-22","Referral","South","1331","926","175","143","106","23893.16","1146.87","18","56","5021.09"
"2026-02-22","Direct","West","1538","1041","190","150","116","26179.86","1361.35","19","51","5974.16"
"2026-02-22","Social","Central","1821","1148","199","141","115","23754.61","1876.61","23","45","9026.81"
"2026-02-22","Affiliate","East","1234","860","156","123","95","19746.72","1066.32","21","50","4832.17"
"2026-02-23","Organic","East","1745","1148","214","176","147","33258.49","1962.25","30","51","6802.69"
"2026-02-23","Ads","North","2303","1342","237","177","138","29868.28","2890.05","31","38","12082.23"
"2026-02-23","Referral","South","1471","1031","195","160","118","26599.24","1276.76","20","56","5052.61"
"2026-02-23","Direct","West","1699","1155","211","166","128","28835.49","1499.45","21","51","6036.56"
"2026-02-23","Social","Central","2012","1266","219","156","127","26179.51","2068.18","26","45","9082.65"
"2026-02-23","Affiliate","East","1364","945","171","135","105","21817.33","1178.14","23","50","4821.83"
"2026-02-24","Organic","East","1772","1164","217","178","149","33782.15","1993.15","30","51","6751.9"
"2026-02-24","Ads","North","2339","1369","242","181","140","30353.67","2937.02","31","38","12067.43"
"2026-02-24","Referral","South","1494","1054","200","163","120","27044.76","1298.15","20","57","5091.16"
"2026-02-24","Direct","West","1726","1177","215","170","131","29453.78","1531.6","21","51","6098.4"
"2026-02-24","Social","Central","2044","1281","222","158","129","26540.06","2096.66","27","44","9126"
"2026-02-24","Affiliate","East","1386","953","172","136","106","22022.56","1189.22","24","50","4804.75"
"2026-02-25","Organic","East","1794","1177","219","180","150","34082.88","2010.89","30","51","6705.31"
"2026-02-25","Ads","North","2368","1394","247","184","142","30835.63","2528.52","31","39","12073.18"
"2026-02-25","Referral","South","1513","1075","205","167","122","27483.51","1319.21","20","57","5135.72"
"2026-02-25","Direct","West","1748","1194","219","173","133","29842.02","1551.79","22","51","6157.91"
"2026-02-25","Social","Central","2069","1291","223","159","130","26697.29","2109.09","28","44","9155.79"
"2026-02-25","Affiliate","East","1403","958","172","136","106","22025.56","1189.38","24","50","4781.68"
"2026-02-26","Organic","East","1809","1188","221","182","151","34386.05","2028.78","30","51","6664.76"
"2026-02-26","Ads","North","2388","1415","252","188","144","31313.36","2567.7","30","39","12099.87"
"2026-02-26","Referral","South","1525","1090","208","169","124","27915.34","1339.94","20","57","5185.04"
"2026-02-26","Direct","West","1762","1204","221","174","134","30002.23","1560.12","22","51","6213.36"
"2026-02-26","Social","Central","2086","1294","223","159","131","26858.04","2121.79","28","44","9171.36"
"2026-02-26","Affiliate","East","1414","960","172","137","107","22241.92","1201.06","24","50","4753.56"
"2026-02-27","Organic","East","1816","1195","223","183","152","34690.74","2046.75","29","51","6631.91"
"2026-02-27","Ads","North","2397","1430","255","189","145","31568.37","2588.61","30","39","12147.23"
"2026-02-27","Referral","South","1531","1099","211","171","124","27890.31","1338.73","20","57","5237.75"
"2026-02-27","Direct","West","1769","1207","222","175","135","30159.98","1568.32","23","50","6263.19"
"2026-02-27","Social","Central","2095","1292","222","159","131","26818.24","2118.64","29","44","9172.53"
"2026-02-27","Affiliate","East","1420","958","171","136","107","22255.95","1201.82","25","50","4721.51"
"2026-02-28","Organic","East","1675","1106","206","169","140","32022.5","1601.12","27","51","6608.16"
"2026-02-28","Ads","North","2210","1328","237","176","134","29202.09","2394.57","27","39","12214.29"
"2026-02-28","Referral","South","1412","1018","196","159","115","25837.24","1240.19","18","57","5292.34"
"2026-02-28","Direct","West","1631","1110","204","161","124","27641.12","1437.34","21","50","6305.99"
"2026-02-28","Social","Central","1932","1183","203","146","120","24534.71","1938.24","27","44","9159.61"
"2026-02-28","Affiliate","East","1309","879","157","125","98","20401.64","1101.69","23","49","4686.77"
"2026-03-01","Organic","East","1668","1107","206","169","140","32091.74","1604.59","26","51","6594.6"
"2026-03-01","Ads","North","2201","1331","239","177","134","29224.17","2396.38","27","39","12299.44"
"2026-03-01","Referral","South","1406","1017","196","159","115","25803.25","1238.56","18","57","5347.23"
"2026-03-01","Direct","West","1624","1101","202","159","124","27579.88","1434.15","22","50","6340.58"
"2026-03-01","Social","Central","1923","1169","200","144","119","24304.12","1920.03","27","43","9133.36"
"2026-03-01","Affiliate","East","1304","872","155","124","97","20215.54","1091.64","23","49","4650.69"
"2026-03-02","Organic","East","1794","1197","224","183","151","34685.63","1734.28","28","51","6592.02"
"2026-03-02","Ads","North","2367","1441","259","191","145","31639.74","2594.46","28","40","12400.45"
"2026-03-02","Referral","South","1512","1095","212","171","124","27780.83","1333.48","20","57","5400.85"
"2026-03-02","Direct","West","1747","1179","216","171","133","29516.91","1534.88","24","50","6366.06"
"2026-03-02","Social","Central","2069","1249","213","153","128","26120.06","2063.48","30","43","9094.99"
"2026-03-02","Affiliate","East","1402","935","166","133","104","21702.67","1171.94","24","49","4614.64"
"2026-03-03","Organic","East","1774","1191","223","182","150","34524.68","1726.23","27","52","6600.81"
"2026-03-03","Ads","North","2341","1434","259","191","144","31430.53","2577.3","28","40","12514.58"
"2026-03-03","Referral","South","1496","1084","210","170","123","27510.72","1320.51","20","57","5451.64"
"2026-03-03","Direct","West","1728","1160","212","168","131","29011.01","1508.57","24","50","6381.83"
"2026-03-03","Social","Central","2046","1227","208","150","126","25696.22","2030","30","43","9046.1"
"2026-03-03","Affiliate","East","1387","924","163","131","103","21526.21","1162.42","24","49","4580.02"
"2026-03-04","Organic","East","1750","1183","222","181","148","34128.24","1706.41","27","52","6621.02"
"2026-03-04","Ads","North","2310","1422","258","190","142","30995.39","2541.62","27","40","12638.65"
"2026-03-04","Referral","South","1476","1068","207","167","121","27014.08","1296.68","19","58","5498.14"
"2026-03-04","Direct","West","1705","1137","208","165","129","28509.46","1482.49","24","50","6387.59"
"2026-03-04","Social","Central","2019","1204","204","148","124","25279.09","1997.05","30","43","8988.66"
"2026-03-04","Affiliate","East","1368","911","161","129","102","21352.91","1153.06","24","49","4548.18"
"2026-03-05","Organic","East","1724","1174","221","180","147","33956.39","1697.82","26","54","6652.29"
"2026-03-05","Ads","North","2276","1407","256","188","140","30552.82","2505.33","26","42","12769.11"
"2026-03-05","Referral","South","1454","1050","203","164","119","26515.77","1272.76","19","59","5539.05"
"2026-03-05","Direct","West","1680","1113","203","161","127","28012.86","1456.67","24","52","6383.4"
"2026-03-05","Social","Central","1989","1180","199","144","121","24664.64","1948.51","30","44","8924.91"
"2026-03-05","Affiliate","East","1348","899","159","127","100","20972.49","1132.51","23","51","4520.37"
"2026-03-06","Organic","East","1698","1164","220","179","145","33546.99","1677.35","25","54","6693.94"
"2026-03-06","Ads","North","2241","1389","253","185","138","30103.22","2468.46","25","42","12902.24"
"2026-03-06","Referral","South","1432","1030","200","162","117","26016.56","1248.79","19","59","5573.21"
"2026-03-06","Direct","West","1654","1088","198","157","124","27301.54","1419.68","24","51","6369.62"
"2026-03-06","Social","Central","1959","1158","195","142","119","24260.26","1916.56","29","44","8857.33"
"2026-03-06","Affiliate","East","1328","889","157","126","99","20803.43","1123.39","23","51","4497.71"
"2026-03-07","Organic","East","1543","1065","202","164","132","30581.74","1529.09","22","54","6744.89"
"2026-03-07","Ads","North","2037","1265","231","169","126","27467.13","2252.3","23","42","13034.18"
"2026-03-07","Referral","South","1301","931","180","145","106","23520.25","1128.97","18","59","5599.71"
"2026-03-07","Direct","West","1503","982","178","142","112","24618.56","1280.17","22","51","6346.94"
"2026-03-07","Social","Central","1780","1049","176","128","108","22026.21","1740.07","27","44","8788.5"
"2026-03-07","Affiliate","East","1206","810","143","115","90","18951.25","1023.37","21","51","4481.18"
"2026-03-08","Organic","East","1523","1057","201","163","131","30386.21","1519.31","22","54","6803.79"
"2026-03-08","Ads","North","2010","1248","228","167","124","27006.9","2214.57","23","43","13161.12"
"2026-03-08","Referral","South","1284","914","177","143","104","23025.98","1105.25","18","59","5617.88"
"2026-03-08","Direct","West","1483","963","174","139","110","24143.1","1255.44","22","51","6316.34"
"2026-03-08","Social","Central","1756","1034","173","126","107","21836.03","1725.05","27","44","8721.07"
"2026-03-08","Affiliate","East","1191","804","142","114","89","18780.85","1014.17","20","51","4471.52"
"2026-03-09","Organic","East","1634","1140","217","175","141","32737.79","1636.89","23","55","6869.01"
"2026-03-09","Ads","North","2156","1337","245","179","133","28934.86","2372.66","24","43","13279.41"
"2026-03-09","Referral","South","1377","974","188","152","111","24521.35","1177.02","19","59","5627.33"
"2026-03-09","Direct","West","1591","1027","185","148","118","25865.64","1345.01","24","51","6279.09"
"2026-03-09","Social","Central","1884","1109","185","135","115","23488.99","1855.63","29","44","8657.64"
"2026-03-09","Affiliate","East","1277","868","153","123","96","20302.49","1096.33","21","51","4469.28"
"2026-03-10","Organic","East","1622","1136","217","175","140","32530.18","1626.51","22","55","6938.71"
"2026-03-10","Ads","North","2141","1325","243","177","132","28679.53","2351.72","24","43","13385.66"
"2026-03-10","Referral","South","1367","961","185","150","110","24246.6","1163.84","19","59","5627.95"
"2026-03-10","Direct","West","1580","1014","182","146","117","25618.89","1332.18","24","51","6236.64"
"2026-03-10","Social","Central","1870","1103","184","134","114","23310.19","1841.51","29","43","8600.69"
"2026-03-10","Affiliate","East","1268","867","154","123","96","20347.6","1098.77","21","51","4474.74"
"2026-03-11","Organic","East","1616","1135","218","175","139","32314.75","1615.74","22","55","7010.9"
"2026-03-11","Ads","North","2133","1315","241","176","131","28419.5","2330.4","24","43","13476.88"
"2026-03-11","Referral","South","1363","951","183","149","109","23973.6","1150.73","20","59","5619.92"
"2026-03-11","Direct","West","1574","1007","180","145","116","25378.37","1319.68","25","50","6190.64"
"2026-03-11","Social","Central","1864","1103","184","134","114","23340.6","1843.91","29","43","8552.49"
"2026-03-11","Affiliate","East","1264","871","155","124","96","20392.76","1299.43","21","51","4487.95"
"2026-03-12","Organic","East","1618","1138","219","176","139","32324","1616.2","21","55","7083.49"
"2026-03-12","Ads","North","2135","1310","240","175","130","28155.4","2308.74","24","43","13550.56"
"2026-03-12","Referral","South","1364","945","181","147","109","23922.44","1148.28","20","59","5603.72"
"2026-03-12","Direct","West","1576","1005","179","144","117","25581.51","1330.24","25","50","6142.86"
"2026-03-12","Social","Central","1866","1108","185","135","115","23580.64","1862.87","29","43","8515.04"
"2026-03-12","Affiliate","East","1265","877","156","124","96","20437.41","1302.27","21","51","4508.68"
"2026-03-13","Organic","East","1625","1144","221","177","140","32558.01","1627.9","21","55","7154.39"
"2026-03-13","Ads","North","2145","1309","240","175","131","28320.29","2322.26","24","43","13604.77"
"2026-03-13","Referral","South","1370","943","180","147","109","23873.34","1145.92","20","59","5580.07"
"2026-03-13","Direct","West","1583","1008","179","144","117","25572.15","1329.75","25","50","6095.14"
"2026-03-13","Social","Central","1875","1120","187","137","116","23825.52","1882.22","29","43","8489.96"
"2026-03-13","Affiliate","East","1271","888","158","126","97","20694.36","1318.64","20","51","4536.47"
"2026-03-14","Organic","East","1512","1063","205","164","130","30226.49","1511.32","20","56","7221.53"
"2026-03-14","Ads","North","1996","1210","222","162","121","26107.43","2140.81","23","43","13638.22"
"2026-03-14","Referral","South","1275","873","166","136","101","22078.14","1059.75","19","59","5549.98"
"2026-03-14","Direct","West","1473","938","166","134","109","23820.86","1238.68","24","50","6049.31"
"2026-03-14","Social","Central","1744","1048","175","128","108","22222.93","1755.61","27","43","8478.5"
"2026-03-14","Affiliate","East","1182","831","149","118","91","19454.12","1239.62","19","51","4570.62"
"2026-03-15","Organic","East","1530","1073","208","166","131","30445.72","1522.29","20","56","7283.01"
"2026-03-15","Ads","North","2019","1216","222","162","122","26269.11","2154.07","23","43","13650.29"
"2026-03-15","Referral","South","1290","878","167","137","102","22256.3","1068.3","20","59","5514.64"
"2026-03-15","Direct","West","1490","951","168","136","111","24261.24","1261.58","24","49","6007.14"
"2026-03-15","Social","Central","1764","1067","178","130","110","22678.8","2114.12","27","43","8481.44"
"2026-03-15","Affiliate","East","1196","845","152","121","92","19706.14","1255.68","19","51","4610.22"
"2026-03-16","Organic","East","1682","1175","228","182","143","33212.37","1660.62","21","56","7337.06"
"2026-03-16","Ads","North","2219","1327","242","177","133","28576.52","2343.27","26","43","13641.08"
"2026-03-16","Referral","South","1418","962","182","149","112","24397.76","1171.09","22","59","5475.43"
"2026-03-16","Direct","West","1638","1048","185","150","122","26675.8","1387.14","27","49","5970.3"
"2026-03-16","Social","Central","1939","1181","198","144","122","25204.77","2349.59","30","43","8499.09"
"2026-03-16","Affiliate","East","1315","933","168","133","101","21673.16","1381.01","20","51","4654.17"
"2026-03-17","Organic","East","1707","1187","230","184","145","33646.68","1682.33","21","56","7382.18"
"2026-03-17","Ads","North","2253","1338","244","179","134","28728.37","2355.73","26","43","13611.39"
"2026-03-17","Referral","South","1439","973","184","151","114","24796.63","1190.24","23","58","5433.87"
"2026-03-17","Direct","West","1663","1069","189","153","125","27349","1422.15","28","49","5940.27"
"2026-03-17","Social","Central","1969","1207","202","147","124","25672.88","2393.23","30","43","8531.29"
"2026-03-17","Affiliate","East","1334","950","172","136","103","22139.06","1410.7","20","51","4701.23"
"2026-03-18","Organic","East","1733","1199","232","185","146","33841.04","1692.05","22","56","7417.15"
"2026-03-18","Ads","North","2287","1350","245","180","136","29092.55","2385.59","27","43","13562.68"
"2026-03-18","Referral","South","1461","987","186","153","116","25199.2","1209.56","24","58","5391.54"
"2026-03-18","Direct","West","1688","1090","192","156","127","27810.69","1706.46","28","49","5918.33"
"2026-03-18","Social","Central","1998","1233","207","151","126","26144.25","2437.17","30","43","8577.37"
"2026-03-18","Affiliate","East","1355","967","175","138","104","22387.32","1426.52","20","52","4750.06"
"2026-03-19","Organic","East","1757","1207","234","187","147","34028.01","1701.4","22","57","7441.09"
"2026-03-19","Ads","North","2319","1360","246","181","137","29241.54","2397.81","28","43","13497.07"
"2026-03-19","Referral","South","1482","1001","188","155","118","25606.12","1229.09","24","58","5350.08"
"2026-03-19","Direct","West","1712","1113","196","159","130","28498.76","1748.68","29","49","5905.47"
"2026-03-19","Social","Central","2027","1259","212","154","129","26826.2","2500.74","30","43","8636.24"
"2026-03-19","Affiliate","East","1374","981","178","140","106","22847.54","1455.85","20","52","4799.24"
"2026-03-20","Organic","East","1779","1214","235","188","148","34208.01","1710.4","22","57","7453.47"
"2026-03-20","Ads","North","2348","1370","247","182","139","29603.49","2427.49","29","43","13417.22"
"2026-03-20","Referral","South","1500","1015","190","157","120","26018.03","1248.87","25","58","5311.07"
"2026-03-20","Direct","West","1733","1134","200","162","132","28974.95","1777.9","29","49","5902.4"
"2026-03-20","Social","Central","2052","1282","217","157","131","27302.57","2545.15","30","43","8706.35"
"2026-03-20","Affiliate","East","1391","993","181","142","107","23088.38","1471.19","20","52","4847.35"
"2026-03-21","Organic","East","1657","1123","217","173","137","31612.58","1580.63","21","57","7454.16"
"2026-03-21","Ads","North","2187","1271","229","169","129","27415.12","2248.04","27","43","13326.27"
"2026-03-21","Referral","South","1397","948","177","147","112","24268.65","1374.58","24","58","5276.04"
"2026-03-21","Direct","West","1614","1063","188","153","124","27259.69","1672.65","27","48","5909.51"
"2026-03-21","Social","Central","1911","1199","203","147","122","25482.5","2375.48","28","43","8785.8"
"2026-03-21","Affiliate","East","1295","923","169","132","99","21380.94","1362.39","18","52","4893"
"2026-03-22","Organic","East","1667","1122","216","173","137","31554.99","1577.75","21","57","7443.39"
"2026-03-22","Ads","North","2201","1276","229","169","130","27570.94","2260.82","28","43","13227.75"
"2026-03-22","Referral","South","1406","958","179","148","113","24476.38","1386.34","24","57","5246.39"
"2026-03-22","Direct","West","1624","1077","191","155","126","27745.74","1702.48","28","48","5926.85"
"2026-03-22","Social","Central","1923","1211","206","149","123","25746.18","2400.06","27","43","8872.35"
"2026-03-22","Affiliate","East","1304","926","170","133","99","21394.89","1363.28","18","52","4934.87"
"2026-03-23","Organic","East","1813","1212","233","186","149","34252.01","1712.6","23","57","7421.79"
"2026-03-23","Ads","North","2392","1385","248","184","142","30057.37","2464.7","31","43","13125.44"
"2026-03-23","Referral","South","1528","1047","195","162","124","26855.93","1521.12","27","57","5223.32"
"2026-03-23","Direct","West","1766","1180","209","169","137","30223.14","1854.49","30","48","5954.12"
"2026-03-23","Social","Central","2091","1319","225","162","133","27896.47","2600.51","29","43","8963.54"
"2026-03-23","Affiliate","East","1417","1002","184","144","107","23133.42","1474.06","19","53","4971.77"
"2026-03-24","Organic","East","1810","1203","231","185","148","33952.23","1697.61","23","57","7390.35"
"2026-03-24","Ads","North","2389","1384","247","183","142","30002.86","2903.08","32","43","13023.24"
"2026-03-24","Referral","South","1526","1052","196","163","125","27076.18","1533.59","27","57","5207.84"
"2026-03-24","Direct","West","1763","1185","211","171","138","30503.38","1871.69","30","48","5990.72"
"2026-03-24","Social","Central","2088","1318","226","163","133","27950.71","2605.57","28","43","9056.74"
"2026-03-24","Affiliate","East","1415","995","183","143","106","22921.29","1460.54","18","53","5002.67"
"2026-03-25","Organic","East","1801","1191","228","183","147","33650.85","1682.54","23","57","7350.36"
"2026-03-25","Ads","North","2377","1379","245","182","142","29953.1","2898.26","32","43","12925.09"
"2026-03-25","Referral","South","1518","1053","196","163","125","27086.63","1534.19","27","57","5200.72"
"2026-03-25","Direct","West","1754","1185","211","171","137","30344.84","1861.96","29","48","6035.71"
"2026-03-25","Social","Central","2077","1311","225","162","132","27790.87","2590.66","28","43","9149.27"
"2026-03-25","Affiliate","East","1408","984","181","141","105","22703.59","1225.99","18","53","5026.74"
"2026-03-26","Organic","East","1784","1175","224","180","145","33120.38","1656.02","24","57","7303.43"
"2026-03-26","Ads","North","2355","1370","243","181","141","29698.09","2873.59","33","43","12834.77"
"2026-03-26","Referral","South","1504","1051","196","163","125","27103.72","1535.15","27","56","5202.43"
"2026-03-26","Direct","West","1738","1180","211","170","137","30409.89","1865.95","29","48","6087.9"
"2026-03-26","Social","Central","2058","1296","223","160","130","27415.29","2555.65","27","43","9238.43"
"2026-03-26","Affiliate","East","1395","969","178","139","103","22264.34","1202.27","18","53","5043.35"
"2026-03-27","Organic","East","1762","1158","220","177","143","32591.18","1629.56","24","57","7251.38"
"2026-03-27","Ads","North","2326","1359","240","179","141","29659.88","2869.89","33","43","12755.83"
"2026-03-27","Referral","South","1485","1045","195","162","124","26910.21","1524.19","27","56","5213.17"
"2026-03-27","Direct","West","1716","1169","210","169","135","30031.77","1842.75","28","48","6145.83"
"2026-03-27","Social","Central","2032","1276","220","157","127","26822.55","2500.4","26","43","9321.66"
"2026-03-27","Affiliate","East","1377","950","174","135","101","21820.18","1178.29","17","53","5052.14"
"2026-03-28","Organic","East","1600","1050","199","161","130","29562.7","1744.2","22","57","7196.21"
"2026-03-28","Ads","North","2112","1240","219","164","129","27106.47","2622.82","31","42","12691.45"
"2026-03-28","Referral","South","1349","956","179","149","114","24767.08","1402.81","25","56","5232.83"
"2026-03-28","Direct","West","1559","1064","192","155","122","27200.12","1669","25","48","6207.86"
"2026-03-28","Social","Central","1845","1153","199","142","115","24319.74","1921.26","23","43","9396.55"
"2026-03-28","Affiliate","East","1251","857","157","122","91","19644.56","1060.81","15","54","5053.01"
"2026-03-29","Organic","East","1572","1032","195","158","129","29271.09","1726.99","22","57","7140.03"
"2026-03-29","Ads","North","2075","1226","216","162","127","26663.58","2579.97","31","42","12644.35"
"2026-03-29","Referral","South","1325","944","177","147","112","24364.31","1379.99","24","56","5261"
"2026-03-29","Direct","West","1531","1046","189","152","120","26813.59","1645.28","24","48","6272.23"
"2026-03-29","Social","Central","1813","1128","195","139","112","23711.29","1873.19","22","44","9461"
"2026-03-29","Affiliate","East","1229","836","153","119","89","19193.68","1036.46","15","54","5046.09"
"2026-03-30","Organic","East","1673","1100","207","168","138","31246.45","1843.54","24","57","7085"
"2026-03-30","Ads","North","2208","1313","232","174","137","28745.49","2781.41","33","42","12616.65"
"2026-03-30","Referral","South","1410","1011","190","158","120","26143.75","1480.78","26","56","5297.02"
"2026-03-30","Direct","West","1629","1112","202","162","127","28439.86","1745.07","25","48","6337.06"
"2026-03-30","Social","Central","1929","1192","207","147","118","25003.52","1975.28","23","44","9513.22"
"2026-03-30","Affiliate","East","1308","884","161","125","94","20247.54","1093.37","16","54","5031.8"
"2026-03-31","Organic","East","1642","1083","203","165","136","30730.4","1813.09","24","57","7033.22"
"2026-03-31","Ads","North","2167","1298","229","172","135","28315.49","2739.81","33","42","12609.88"
"2026-03-31","Referral","South","1384","996","188","156","118","25751.07","1458.54","25","56","5339.93"
"2026-03-31","Direct","West","1599","1090","198","158","124","27827.29","1447.02","24","48","6400.47"
"2026-03-31","Social","Central","1893","1162","201","143","115","24383.73","1926.31","22","44","9551.83"
"2026-03-31","Affiliate","East","1283","863","157","122","92","19788.96","1068.6","16","54","5010.79"
"2026-04-01","Organic","East","1613","1068","200","163","134","30219.58","1782.96","25","57","6986.72"
"2026-04-01","Ads","North","2129","1284","227","170","134","28102.49","2719.2","33","42","12624.85"
"2026-04-01","Referral","South","1360","982","186","154","116","25360.89","1436.44","25","55","5388.56"
"2026-04-01","Direct","West","1571","1067","195","156","121","27209.75","1414.91","23","48","6460.63"
"2026-04-01","Social","Central","1860","1134","197","140","112","23757.54","1876.85","21","44","9575.9"
"2026-04-01","Affiliate","East","1261","844","153","119","90","19328.15","1043.72","16","54","4983.94"
"2026-04-02","Organic","East","1589","1058","198","161","133","29939.67","1766.44","25","57","6947.32"
"2026-04-02","Ads","North","2097","1273","225","169","133","27896.56","2699.27","33","41","12661.67"
"2026-04-02","Referral","South","1339","969","184","152","114","24972.45","1414.44","24","55","5441.55"
"2026-04-02","Direct","West","1547","1046","191","152","119","26812.03","1394.23","22","48","6515.81"
"2026-04-02","Social","Central","1832","1109","192","136","109","23125.29","1826.9","20","44","9584.97"
"2026-04-02","Affiliate","East","1242","829","150","117","89","19080.09","1030.32","16","55","4952.31"
"2026-04-03","Organic","East","1570","1051","196","160","133","29890.02","1763.51","25","55","6916.66"
"2026-04-03","Ads","North","2072","1266","224","168","132","27697.49","2680.01","33","39","12719.72"
"2026-04-03","Referral","South","1324","959","182","150","113","24804.48","1404.93","23","53","5497.39"
"2026-04-03","Direct","West","1529","1029","188","149","116","26183.5","1361.54","21","46","6564.42"
"2026-04-03","Social","Central","1811","1089","188","133","107","22699.51","1793.26","20","43","9579.08"
"2026-04-03","Affiliate","East","1227","817","147","115","87","18616.22","1005.28","16","53","4917.14"
"2026-04-04","Organic","East","1437","969","181","148","123","27601.68","1628.5","24","55","6896.05"
"2026-04-04","Ads","North","1897","1165","207","155","122","25615.34","2478.54","30","39","12797.68"
"2026-04-04","Referral","South","1212","878","168","139","103","22657.87","1087.58","21","53","5554.46"
"2026-04-04","Direct","West","1400","936","172","136","105","23739.98","1234.48","19","46","6605.11"
"2026-04-04","Social","Central","1657","991","171","121","98","20783.86","1641.92","18","43","9558.76"
"2026-04-04","Affiliate","East","1124","748","134","105","80","17084.12","922.54","15","53","4879.78"
"2026-04-05","Organic","East","1434","973","181","148","124","27790.28","1639.63","24","55","6886.5"
"2026-04-05","Ads","North","1892","1168","208","156","122","25637.57","2480.69","30","39","12893.58"
"2026-04-05","Referral","South","1209","874","167","138","102","22487.17","1079.38","21","53","5611.11"
"2026-04-05","Direct","West","1396","927","170","135","104","23548.93","1224.54","18","46","6636.77"
"2026-04-05","Social","Central","1653","983","169","120","97","20560.62","1624.29","18","43","9525.03"
"2026-04-05","Affiliate","East","1121","747","134","105","80","17048.35","920.61","15","53","4841.65"
"2026-04-06","Organic","East","1559","1066","199","163","136","30446.91","1796.37","27","55","6888.65"
"2026-04-06","Ads","North","2058","1274","227","170","133","27979.7","2707.32","33","39","13004.84"
"2026-04-06","Referral","South","1314","947","182","150","111","24525.69","1177.23","22","53","5665.69"
"2026-04-06","Direct","West","1518","1002","184","146","112","25393.39","1320.46","19","46","6658.59"
"2026-04-06","Social","Central","1798","1064","183","130","105","22239.12","1756.89","19","43","9479.32"
"2026-04-06","Affiliate","East","1219","814","145","114","88","18712.65","1010.48","17","53","4804.21"
